monthSin,monthCos,daySin,dayCos,hourSin,hourCos,weekdaySin,weekdayCos,hashtagVectors,nLikes,nShares,nFollowers,nComments,nViews,nAccountTotalLikes,postYear
-0.5000000000000004,0.8660254037844384,0.7247927872291199,0.6889669190756866,-0.25881904510252035,-0.9659258262890684,0.9749279121818236,-0.22252093395631434,"[0. 0. 0. 0. 0. 0. 0. 0. 0. 0. 0. 0. 0. 0. 0. 0. 0. 0. 0. 0. 0. 0. 0. 0.
 0. 0. 0. 0. 0. 0. 0. 0. 0. 0. 0. 0. 0. 0. 0. 0. 0. 0. 0. 0. 0. 0. 0. 0.
 0. 0. 0. 0. 0. 0. 0. 0. 0. 0. 0. 0. 0. 0. 0. 0. 0. 0. 0. 0. 0. 0. 0. 0.
 0. 0. 0. 0. 0. 0. 0. 0. 0. 0. 0. 0. 0. 0. 0. 0. 0. 0. 0. 0. 0. 0. 0. 0.
 0. 0. 0. 0. 0. 0. 0. 0. 0. 0. 0. 0. 0. 0. 0. 0. 0. 0. 0. 0. 0. 0. 0. 0.
 0. 0. 0. 0. 0. 0. 0. 0. 0. 0. 0. 0. 0. 0. 0. 0. 0. 0. 0. 0. 0. 0. 0. 0.
 0. 0. 0. 0. 0. 0. 0. 0. 0. 0. 0. 0. 0. 0. 0. 0. 0. 0. 0. 0. 0. 0. 0. 0.
 0. 0. 0. 0. 0. 0. 0. 0. 0. 0. 0. 0. 0. 0. 0. 0. 0. 0. 0. 0. 0. 0. 0. 0.
 0. 0. 0. 0. 0. 0. 0. 0.]",8.439015410352214,2.4849066497880004,13.815511557963774,3.332204510175204,10.537441898283253,15.363073279446223,0.0
-0.8660254037844386,0.5,0.48530196253108104,-0.8743466161445821,0.7071067811865475,0.7071067811865476,0.7818314824680297,0.6234898018587336,"[-2.6633753e-04 -2.3980829e-04 -2.6669994e-04 -5.4466515e-04
 -4.3189659e-05 -4.3291040e-04 -2.6733478e-04 -4.0972113e-04
  5.5198232e-04 -7.5327553e-05 -4.3079126e-04  3.0648272e-04
 -4.4813089e-04 -1.0623813e-04  1.5197025e-04 -3.9328588e-04
 -4.8519598e-04 -3.6897633e-04  4.1490793e-04  5.0320535e-04
  2.2174983e-04  1.3353798e-04  2.2988055e-04 -2.2613497e-04
  5.4211315e-04  3.8273996e-04  2.2854077e-04  4.9716048e-04
 -4.6632026e-04  5.1893658e-05  4.9401162e-04 -5.2174197e-05
 -3.7432642e-04 -1.2604342e-04 -1.5491206e-04 -1.3879035e-04
 -1.0245469e-04  4.0459263e-04 -1.6692744e-05  2.3568538e-04
 -2.0841837e-04  4.5735409e-04 -3.6123089e-04 -5.1879324e-04
 -2.2997154e-04 -4.0921106e-04 -2.7092310e-04  2.7488735e-05
  1.3249172e-04  9.6659263e-05  2.7819886e-04 -7.7535835e-05
  1.2678889e-04  1.9524628e-05  4.3585565e-04  4.4593267e-04
 -1.0963850e-04  6.9857306e-05 -3.3510619e-04 -2.6436595e-04
 -3.8726805e-04 -1.7603239e-07 -2.7303895e-04 -2.2479429e-04
  8.3594590e-05  1.4500035e-04 -5.0656730e-04  9.7078351e-05
  2.8501166e-04  2.3114245e-04 -1.6149785e-04  5.2669994e-04
  5.2495970e-04 -1.5094545e-06  4.7516427e-05 -5.1379279e-04
 -2.6693952e-04 -5.6389968e-06  2.2463840e-04  8.8029437e-06
 -4.8470206e-04  3.2304830e-04 -4.1194877e-04  4.7520993e-04
  3.0646590e-04 -3.7641366e-04  1.5791589e-04  4.2879343e-04
 -3.3939097e-04 -3.6371747e-04  5.1105750e-04  1.0026614e-04
  5.3946930e-04 -5.5036874e-04 -8.3411665e-05  3.8332384e-04
 -8.1287886e-05 -9.7587639e-05 -3.9327858e-04 -3.1476500e-04
 -3.6228390e-04  4.9573701e-04 -8.8037916e-05 -4.6019422e-04
  4.4533092e-04 -1.6449386e-04 -7.4000360e-05 -3.7544833e-05
  1.5704526e-04 -2.6204332e-04 -1.4323128e-05 -1.5808424e-04
  4.8755223e-04  3.8216112e-04  6.1085753e-05 -3.3701633e-04
  1.7403391e-04  6.3138141e-05 -3.4024331e-04 -3.1957336e-04
 -1.7203238e-04  1.3258337e-04 -4.5083431e-04 -2.7732467e-04
  4.4991809e-04 -2.0512832e-04  4.4210700e-04  2.9767090e-05
 -3.0746512e-04 -2.7578327e-04 -1.1954572e-05  2.5514880e-04
 -3.3797091e-04 -3.0601118e-04 -3.7838842e-04  3.7480326e-04
 -1.3354288e-04  2.2311395e-04 -9.0354944e-05 -4.1197074e-04
 -7.0463284e-05  2.2394657e-05  1.9924402e-04 -4.8200035e-04
 -3.7807570e-04 -3.6427286e-04  1.6623814e-04 -2.0789768e-04
  5.6507590e-05  2.3094707e-04  2.5104603e-04  1.3142321e-04
 -1.5961555e-04  3.5591391e-05 -2.9953732e-04 -3.5292929e-04
  4.8420706e-04 -2.2503773e-04 -5.1766651e-04  2.0728946e-04
  4.6967602e-04 -1.0460086e-05  1.2581891e-04 -1.9706646e-04
 -2.3291138e-04 -4.7887975e-04 -4.3627806e-04 -5.0440192e-04
 -3.3170011e-04  4.7154969e-04  5.2425888e-04 -9.3290670e-05
  8.4863768e-07  4.3626974e-04  7.0141949e-05 -2.8584851e-04
  1.4600290e-04  1.0032137e-04 -2.0702137e-04 -2.7167506e-04
  5.3576229e-04  4.2492987e-04 -4.7611899e-04 -3.0695199e-04
  7.8967278e-05  5.0838655e-05 -4.6394466e-04  5.1823165e-04
 -2.9898883e-04  2.5562829e-04  5.1283941e-04  6.0571831e-05
  2.3447686e-04 -1.5086094e-04 -5.3790823e-04  3.3326018e-05
 -6.0215923e-05 -5.5115047e-04  3.8920098e-04 -4.1033269e-04]",15.176487367510099,10.987003123724813,15.096444681204078,11.18859323930985,16.68907525404123,16.600521861931007,0.0
-0.8660254037844384,-0.5000000000000004,-0.10116832198743203,-0.9948693233918952,-0.5000000000000004,0.8660254037844384,-0.7818314824680299,0.6234898018587334,"[-2.72160531e-04 -1.76809989e-04 -1.43981271e-04 -3.18666436e-04
 -5.77486834e-05 -3.05452239e-04 -1.41756870e-04 -3.22708466e-04
  4.28109762e-04 -1.40113928e-04 -3.13937119e-04  2.69202783e-04
 -2.92670387e-04 -1.66903440e-04  6.65671836e-05 -2.65662340e-04
 -3.46446191e-04 -3.16768160e-04  3.61016039e-04  4.05864750e-04
  9.43270683e-05  1.88013465e-04  1.01347595e-04 -1.95485767e-04
  4.90993965e-04  2.94926404e-04  1.19937233e-04  3.79858660e-04
 -3.83664200e-04 -2.22200390e-05  2.97386078e-04  4.11496016e-06
 -3.59821514e-04 -5.71001392e-05 -1.65031991e-04 -5.42543583e-05
 -1.15558707e-04  2.50504516e-04  4.48672375e-05  9.72901317e-05
 -1.42961993e-04  3.20927986e-04 -3.28917033e-04 -4.54825550e-04
 -1.10070545e-04 -3.44563482e-04 -1.60104413e-04 -6.66855637e-05
  1.15724816e-04  5.42457730e-05  1.53680370e-04 -8.27874613e-05
  1.62067174e-05 -1.68248177e-05  3.00859182e-04  3.10961775e-04
 -1.27584728e-04 -3.09808909e-05 -2.00998588e-04 -2.08316272e-04
 -2.32301754e-04  2.75953868e-05 -1.25933423e-04 -1.98869359e-04
 -1.80578559e-05  1.19848971e-04 -4.57748842e-04  1.26687616e-04
  2.88081591e-04  1.76409749e-04 -5.06259411e-05  4.68659273e-04
  4.28255137e-04  4.77138677e-05  1.17662660e-04 -3.71720327e-04
 -2.72914667e-04 -7.92816328e-05  1.50966824e-04  9.01376428e-07
 -2.80876226e-04  1.56253164e-04 -3.29717655e-04  4.35564143e-04
  2.14886597e-04 -3.61770635e-04  1.35599831e-04  2.66196968e-04
 -3.01822733e-04 -3.27666232e-04  3.81169077e-04  1.39721235e-04
  4.38310669e-04 -3.35730824e-04  1.77693331e-05  3.25820642e-04
 -1.15021449e-04 -8.81694988e-06 -3.78374013e-04 -2.77276554e-04
 -1.97247908e-04  4.39956022e-04 -1.14365174e-04 -4.14153320e-04
  4.03986381e-04 -1.56701369e-04 -9.16928528e-05  3.68754366e-05
  1.65697980e-04 -1.60429082e-04 -2.17408311e-05 -3.93707371e-05
  4.38780995e-04  3.47077079e-04  1.27192179e-04 -3.02722483e-04
  1.38421886e-04  3.22433336e-05 -1.95832992e-04 -1.49453560e-04
 -8.13218240e-05  1.35205529e-04 -2.76335851e-04 -1.53210592e-04
  3.35490628e-04 -2.27783488e-04  3.09186175e-04  1.03980852e-04
 -2.74451793e-04 -1.95978582e-04  3.50741139e-05  1.27251416e-04
 -1.77450032e-04 -2.14267040e-04 -2.59481486e-04  3.53636355e-04
 -8.61680588e-05  1.73935295e-04 -1.52183670e-04 -2.17402382e-04
 -1.41377353e-04  9.37691981e-05  1.93730207e-04 -3.58934710e-04
 -3.52151798e-04 -1.86630017e-04  1.11189634e-04 -1.06376701e-04
  1.46953171e-05  1.27500811e-04  1.88161558e-04  2.53063594e-05
 -1.78588429e-04 -5.88091114e-05 -1.74492009e-04 -2.58575778e-04
  3.51806263e-04 -1.21353683e-04 -4.02716606e-04  8.75429596e-05
  3.75130088e-04 -6.15446969e-05  9.79723647e-05 -6.10759506e-05
 -1.81806604e-04 -3.00727959e-04 -2.84172502e-04 -4.06961306e-04
 -2.93793768e-04  4.30499238e-04  4.08831685e-04 -7.34529346e-05
  8.70643892e-06  2.80034165e-04  8.40592766e-05 -2.40519014e-04
  1.46574493e-04  3.35061503e-05 -1.61096177e-04 -1.66830919e-04
  3.33925397e-04  2.93233707e-04 -4.32711021e-04 -2.14220015e-04
  7.68555662e-05  5.95156191e-05 -3.35251528e-04  3.86180387e-04
 -2.02375685e-04  1.81556423e-04  4.34762632e-04  1.83966939e-05
  1.28502049e-04 -1.60232114e-04 -4.87200085e-04 -4.83866302e-05
 -2.56761480e-05 -3.73910700e-04  2.37327058e-04 -3.92448303e-04]",9.729193687429403,4.330733340286331,14.346139397261565,5.713732805509369,12.731691310720683,15.250595321348806,0.0
-0.5000000000000004,0.8660254037844384,0.9884683243281114,0.1514277775045767,-0.5000000000000004,0.8660254037844384,-0.9749279121818235,-0.2225209339563146,"[-7.99012593e-05 -7.19424861e-05 -8.00099753e-05 -1.63399535e-04
 -1.29568970e-05 -1.29873118e-04 -8.02004308e-05 -1.22916340e-04
  1.65594699e-04 -2.25982664e-05 -1.29237374e-04  9.19448132e-05
 -1.34439266e-04 -3.18714380e-05  4.55910777e-05 -1.17985765e-04
 -1.45558792e-04 -1.10692895e-04  1.24472379e-04  1.50961600e-04
  6.65249456e-05  4.00613962e-05  6.89641641e-05 -6.78404943e-05
  1.62633940e-04  1.14821993e-04  6.85622297e-05  1.49148146e-04
 -1.39896075e-04  1.55680973e-05  1.48203489e-04 -1.56522596e-05
 -1.12297929e-04 -3.78130274e-05 -4.64736222e-05 -4.16371040e-05
 -3.07364059e-05  1.21377790e-04 -5.00782335e-06  7.07056130e-05
 -6.25255105e-05  1.37206225e-04 -1.08369266e-04 -1.55637972e-04
 -6.89914609e-05 -1.22763317e-04 -8.12769338e-05  8.24662063e-06
  3.97475166e-05  2.89977787e-05  8.34596576e-05 -2.32607516e-05
  3.80366652e-05  5.85738847e-06  1.30756700e-04  1.33779799e-04
 -3.28915511e-05  2.09571907e-05 -1.00531859e-04 -7.93097848e-05
 -1.16180417e-04 -5.28097143e-08 -8.19116831e-05 -6.74382847e-05
  2.50783778e-05  4.35001077e-05 -1.51970191e-04  2.91235046e-05
  8.55035006e-05  6.93427335e-05 -4.84493556e-05  1.58009971e-04
  1.57487907e-04 -4.52836358e-07  1.42549278e-05 -1.54137844e-04
 -8.00818591e-05 -1.69169909e-06  6.73915201e-05  2.64088306e-06
 -1.45410621e-04  9.69144934e-05 -1.23584627e-04  1.42562981e-04
  9.19397677e-05 -1.12924095e-04  4.73747641e-05  1.28638031e-04
 -1.01817290e-04 -1.09115245e-04  1.53317254e-04  3.00798420e-05
  1.61840797e-04 -1.65110629e-04 -2.50234999e-05  1.14997150e-04
 -2.43863661e-05 -2.92762918e-05 -1.17983574e-04 -9.44294946e-05
 -1.08685170e-04  1.48721098e-04 -2.64113742e-05 -1.38058269e-04
  1.33599282e-04 -4.93481559e-05 -2.22001062e-05 -1.12634503e-05
  4.71135758e-05 -7.86130020e-05 -4.29693864e-06 -4.74252698e-05
  1.46265666e-04  1.14648338e-04  1.83257256e-05 -1.01104903e-04
  5.22101711e-05  1.89414422e-05 -1.02072991e-04 -9.58720047e-05
 -5.16097141e-05  3.97750145e-05 -1.35250294e-04 -8.31973951e-05
  1.34975432e-04 -6.15384964e-05  1.32632103e-04  8.93012706e-06
 -9.22395371e-05 -8.27349802e-05 -3.58637160e-06  7.65446404e-05
 -1.01391274e-04 -9.18033554e-05 -1.13516522e-04  1.12440982e-04
 -4.00628659e-05  6.69341825e-05 -2.71064835e-05 -1.23591220e-04
 -2.11389852e-05  6.71839734e-06  5.97732062e-05 -1.44600112e-04
 -1.13422713e-04 -1.09281857e-04  4.98714428e-05 -6.23693049e-05
  1.69522768e-05  6.92841211e-05  7.53138050e-05  3.94269631e-05
 -4.78846632e-05  1.06774172e-05 -8.98611986e-05 -1.05878788e-04
  1.45262123e-04 -6.75113168e-05 -1.55299950e-04  6.21868372e-05
  1.40902803e-04 -3.13802560e-06  3.77456745e-05 -5.91199390e-05
 -6.98734154e-05 -1.43663926e-04 -1.30883418e-04 -1.51320578e-04
 -9.95100338e-05  1.41464904e-04  1.57277661e-04 -2.79872011e-05
  2.54591307e-07  1.30880915e-04  2.10425860e-05 -8.57545529e-05
  4.38008680e-05  3.00964113e-05 -6.21064100e-05 -8.15025123e-05
  1.60728687e-04  1.27478958e-04 -1.42835700e-04 -9.20855964e-05
  2.36901840e-05  1.52515964e-05 -1.39183397e-04  1.55469498e-04
 -8.96966482e-05  7.66884848e-05  1.53851822e-04  1.81715487e-05
  7.03430560e-05 -4.52582846e-05 -1.61372464e-04  9.99780505e-06
 -1.80647767e-05 -1.65345147e-04  1.16760292e-04 -1.23099805e-04]",6.5638555265321274,3.1780538303479458,10.173552856959743,3.8918202981106265,8.172729104865471,11.209127560632263,0.0
-0.8660254037844386,0.5,-0.20129852008866028,0.9795299412524945,0.8660254037844386,0.5000000000000001,-0.433883739117558,-0.9009688679024191,"[-2.6633753e-04 -2.3980829e-04 -2.6669994e-04 -5.4466515e-04
 -4.3189659e-05 -4.3291040e-04 -2.6733478e-04 -4.0972113e-04
  5.5198232e-04 -7.5327553e-05 -4.3079126e-04  3.0648272e-04
 -4.4813089e-04 -1.0623813e-04  1.5197025e-04 -3.9328588e-04
 -4.8519598e-04 -3.6897633e-04  4.1490793e-04  5.0320535e-04
  2.2174983e-04  1.3353798e-04  2.2988055e-04 -2.2613497e-04
  5.4211315e-04  3.8273996e-04  2.2854077e-04  4.9716048e-04
 -4.6632026e-04  5.1893658e-05  4.9401162e-04 -5.2174197e-05
 -3.7432642e-04 -1.2604342e-04 -1.5491206e-04 -1.3879035e-04
 -1.0245469e-04  4.0459263e-04 -1.6692744e-05  2.3568538e-04
 -2.0841837e-04  4.5735409e-04 -3.6123089e-04 -5.1879324e-04
 -2.2997154e-04 -4.0921106e-04 -2.7092310e-04  2.7488735e-05
  1.3249172e-04  9.6659263e-05  2.7819886e-04 -7.7535835e-05
  1.2678889e-04  1.9524628e-05  4.3585565e-04  4.4593267e-04
 -1.0963850e-04  6.9857306e-05 -3.3510619e-04 -2.6436595e-04
 -3.8726805e-04 -1.7603239e-07 -2.7303895e-04 -2.2479429e-04
  8.3594590e-05  1.4500035e-04 -5.0656730e-04  9.7078351e-05
  2.8501166e-04  2.3114245e-04 -1.6149785e-04  5.2669994e-04
  5.2495970e-04 -1.5094545e-06  4.7516427e-05 -5.1379279e-04
 -2.6693952e-04 -5.6389968e-06  2.2463840e-04  8.8029437e-06
 -4.8470206e-04  3.2304830e-04 -4.1194877e-04  4.7520993e-04
  3.0646590e-04 -3.7641366e-04  1.5791589e-04  4.2879343e-04
 -3.3939097e-04 -3.6371747e-04  5.1105750e-04  1.0026614e-04
  5.3946930e-04 -5.5036874e-04 -8.3411665e-05  3.8332384e-04
 -8.1287886e-05 -9.7587639e-05 -3.9327858e-04 -3.1476500e-04
 -3.6228390e-04  4.9573701e-04 -8.8037916e-05 -4.6019422e-04
  4.4533092e-04 -1.6449386e-04 -7.4000360e-05 -3.7544833e-05
  1.5704526e-04 -2.6204332e-04 -1.4323128e-05 -1.5808424e-04
  4.8755223e-04  3.8216112e-04  6.1085753e-05 -3.3701633e-04
  1.7403391e-04  6.3138141e-05 -3.4024331e-04 -3.1957336e-04
 -1.7203238e-04  1.3258337e-04 -4.5083431e-04 -2.7732467e-04
  4.4991809e-04 -2.0512832e-04  4.4210700e-04  2.9767090e-05
 -3.0746512e-04 -2.7578327e-04 -1.1954572e-05  2.5514880e-04
 -3.3797091e-04 -3.0601118e-04 -3.7838842e-04  3.7480326e-04
 -1.3354288e-04  2.2311395e-04 -9.0354944e-05 -4.1197074e-04
 -7.0463284e-05  2.2394657e-05  1.9924402e-04 -4.8200035e-04
 -3.7807570e-04 -3.6427286e-04  1.6623814e-04 -2.0789768e-04
  5.6507590e-05  2.3094707e-04  2.5104603e-04  1.3142321e-04
 -1.5961555e-04  3.5591391e-05 -2.9953732e-04 -3.5292929e-04
  4.8420706e-04 -2.2503773e-04 -5.1766651e-04  2.0728946e-04
  4.6967602e-04 -1.0460086e-05  1.2581891e-04 -1.9706646e-04
 -2.3291138e-04 -4.7887975e-04 -4.3627806e-04 -5.0440192e-04
 -3.3170011e-04  4.7154969e-04  5.2425888e-04 -9.3290670e-05
  8.4863768e-07  4.3626974e-04  7.0141949e-05 -2.8584851e-04
  1.4600290e-04  1.0032137e-04 -2.0702137e-04 -2.7167506e-04
  5.3576229e-04  4.2492987e-04 -4.7611899e-04 -3.0695199e-04
  7.8967278e-05  5.0838655e-05 -4.6394466e-04  5.1823165e-04
 -2.9898883e-04  2.5562829e-04  5.1283941e-04  6.0571831e-05
  2.3447686e-04 -1.5086094e-04 -5.3790823e-04  3.3326018e-05
 -6.0215923e-05 -5.5115047e-04  3.8920098e-04 -4.1033269e-04]",16.034714150714915,10.987003123724813,16.816230422780546,11.07753193632009,17.66352825473847,18.86536657162407,0.0
